category,total_threads,threads_with_reply,avg_response_minutes,median_response_minutes,p90_response_minutes,response_coverage_pct
Blocker/Dependency,12,5,11.937756666666667,7.226516666666667,23.990616666666668,41.66666666666667
QA/Testing Issue,18,7,46.25559047619048,5.084366666666667,123.9387200000001,38.88888888888889
Question/Help Request,141,42,80.92840595238096,7.015008333333333,122.63631833333326,29.78723404255319
Infrastructure/Deployment Problem,216,121,290.62678553719013,19.4299,671.5073666666667,56.018518518518526
Test Failure,279,127,321.14040341207345,43.689416666666666,684.4598233333334,45.51971326164875
Bug/Error,401,198,361.79190572390576,41.657849999999996,693.762571666667,49.37655860349127
