category,total_threads,threads_with_reply,avg_response_minutes,median_response_minutes,p90_response_minutes,response_coverage_pct
Blocker/Dependency,9,4,12.396479166666666,6.886125,25.44233666666667,44.44444444444444
QA/Testing Issue,18,7,46.25559047619048,5.084366666666667,123.9387200000001,38.88888888888889
Infrastructure/Deployment Problem,214,130,248.74363564102563,20.432625,565.281410000001,60.747663551401864
Bug/Error,263,128,263.18606875,50.91659166666667,625.1652466666666,48.669201520912544
Test Failure,277,127,321.14040341207345,43.689416666666666,684.4598233333334,45.84837545126354
Question/Help Request,162,55,439.90194969696967,13.209233333333334,620.1020866666671,33.95061728395062
